{
  "id" : "AHf-RfW-HUO-Z1RETMBNePk",
  "timestamp" : "2026-01-07T04:45:19.626Z[UTC]",
  "appAppleId" : 6757329625,
  "cfBundleShortVersion" : "1.0.0",
  "cfBundleVersion" : "20",
  "deviceModel" : "iPhone16,2",
  "osVersion" : "26.1",
  "locale" : "en-US",
  "carrier" : null,
  "timezone" : "America/Los_Angeles",
  "architecture" : "arm64e",
  "connectionStatus" : "WI_FI",
  "pairedAppleWatch" : "",
  "appUptimeMillis" : null,
  "availableDiskBytes" : 25338654720,
  "totalDiskBytes" : 255515160576,
  "networkType" : null,
  "batteryPercentage" : 30,
  "screenWidth" : 430,
  "screenHeight" : 932,
  "emailAddress" : "navarro.mathew4@gmail.com",
  "comment" : "Crashed"
}